,Product Name,Price,Store,Rating,Paling Populer
5,POLICE Kemeja Abstrak Printing Cotton Soft Putih Hijau Regular Fit Pria,399000,Police Denim,4.8,1
6,Basic Long Sleeves Slim Fit Jasper Series,199000,LORIENT,4.6,1
7,Linen Blend Slim Fit Shirt - White LS,499000,VENGOZ,4.7,1
8,POLICE Kemeja Polos Slub Regular Fit Pria Bio White,399000,Police Denim,5.0,1
9,Regular Fit Short Sleeve Check Shirt,399900,WOOD,5.0,1
11,POLICE Kemeja Polos Oxford Slub Regular Fit Pria Abu,399000,Police Denim,4.9,1
12,Regular Fit Long Sleeve Checks Shirt,429900,WOOD,4.7,1
14,POLICE Kemeja Polos Basic Cotton Soft White Regular Fit Pria,399000,Police Denim,4.8,1
38,Regular Fit Short Sleeve Check Shirt,399900,WOOD,4.8,1
46,POLICE Kemeja Printing Cotton Soft Coklat Regular Fit Pria,399000,Police Denim,4.8,1
48,Platini Kemeja Pria Polos Lengan Panjang Polinosic Twill Hitam 66243,499000,Platini,4.9,1
51,Gloaming ⁠Kemeja Flanel Boxy Oversize Pendek Cotton Flanel Dravine Pria,210000,Gloaming,5.0,1
89,AMK Kemeja Pria Lengan Pendek SHP Diego S/S Navy Blue,449000,AMK,4.6,1
91,Platini Kemeja Pria Polos Lengan Panjang Katun Oxford Putih 66200,499000,Platini,4.8,1
92,Long Sleeve Checks Shirt,429900,WOOD,4.5,1
95,Relaxed Fit Short Sleeve Shirt,399900,WOOD,5.0,1
96,JIRO - WHITE Kemeja Lengan Panjang Pria Top Man Shirt Warna White,499900,Edwin Jeans,4.7,1
99,Short Sleeve Textured Stretch Shirt,329900,Executive,5.0,1
103,Kemeja Regular Pria Vertiline,419900,Bombboogie,5.0,1
112,Platini Kemeja Pria Polos Oxford Pendek Hijau Lumut 1069,299000,Platini,4.9,1
115,AMK Kemeja Polos Oversize Pria Lengan Panjang SHS Nelson Ls Black,469000,AMK,5.0,1
218,LGS - Kemeja Casual - Motif Batik - Coklat - Regular Fit,497900,LGS,4.9,1
223,Cotton Linen Shirt KLS621,499500,Lois Jeans,5.0,1
224,Short Sleeve Checks Shirt with Pocket,399900,WOOD,5.0,1
226,RBJ Kemeja Salur Yarndyed Krah Hawaii Biru Muda Regular Fit Pria,399000,RBJ,4.8,1
232,Relaxed Fit Short Sleeve Stripes Shirt,399900,WOOD,4.8,1
238,Matsuda Kemeja Pria Lengan pendek Waffle Kasual Sagae,349000,Matsuda,4.9,1
243,POLICE Kemeja Printing Cotton Soft Regular Fit Pria,399000,Police Denim,4.7,1
284,POLICE Kemeja Polos Oxford Slub Navy Regular Fit Pria,399000,Police Denim,4.9,1
286,Long Sleeve Oxford Shirt,429900,WOOD,5.0,1
328,Regular Fit Short Sleeve Twill Shirt,399900,WOOD,5.0,1
334,Linen Blend Slim Fit Shirt - Black LS,499000,VENGOZ,4.7,1
339,Short Sleeve Textured Shirt,329900,Executive,5.0,1
359,POLICE Kemeja Printing Cotton Soft Abu Regular Fit Pria,399000,Police Denim,4.8,1
370,AMK Kemeja Batik Pria Lengan Panjang SHB Banjarejo Ls Olive,469000,AMK,5.0,1
377,POLICE Kemeja Polos Basic Cotton Soft Grey Regular Fit Pria,399000,Police Denim,4.8,1
378,Regular Fit Short Sleeve Checks Shirt,399900,WOOD,4.0,1
